{"cameraMode":{"drawMode":0,"name":"Shaded","section":"Shading Mode"},"sceneLighting":false,"audioPlay":false,"sceneViewState":{"m_AlwaysRefresh":false,"showFog":true,"showSkybox":false,"showFlares":true,"showImageEffects":true,"showParticleSystems":true,"showVisualEffectGraphs":true,"m_FxEnabled":true},"in2DMode":false,"pivot":{"x":-0.14208972454071046,"y":3.9528775215148927,"z":0.03993767499923706},"rotation":{"x":0.05840357393026352,"y":0.9199468493461609,"z":-0.15034867823123933,"w":0.35734251141548159},"size":2.5713183879852297,"orthographic":false}